"DESCRIPTION","DURATION IN MS","NAME","PARENT SUITE","START TIME","STATUS","STOP TIME","SUB SUITE","SUITE","TEST CLASS","TEST METHOD"
"","1","Register a new account","webkit","2026-09-29","skipped","2026-09-29","","register.spec.ts","",""
"","0","User Login","mobile-chrome","2026-09-29","skipped","2026-09-29","Register then login","register.spec.ts","",""
"","7287","Register a new account","register","2026-09-29","passed","2026-09-29","","register.spec.ts","",""
"","0","Logout from an authenticated account","mobile-chrome","2026-09-29","skipped","2026-09-29","","register.spec.ts","",""
"","1","Login with registerData credentials","mobile-safari","2026-09-29","skipped","2026-09-29","","register.spec.ts","",""
"","13613","Register a new account","register-chrome","2026-09-29","passed","2026-09-29","","register.spec.ts","",""
"","31457","Register a new account","register-webkit","2026-09-29","broken","2026-09-29","","register.spec.ts","",""
"","14603","Login with the registered account","login","2026-09-29","passed","2026-09-29","","login.spec.ts","",""
"","0","Login with registerData credentials","mobile-safari","2026-09-29","skipped","2026-09-29","","login.spec.ts","",""
"","30598","Login with the registered account @smoke","chrome","2026-09-29","broken","2026-09-29","","login.spec.ts","",""
"","36092","Register a new account","chrome","2026-09-29","broken","2026-09-29","","register.spec.ts","",""
"","0","Login with registerData credentials","mobile-chrome","2026-09-29","skipped","2026-09-29","","register.spec.ts","",""
"","17716","User Login","chromium","2026-09-29","failed","2026-09-29","","login.spec.ts","",""
"","0","Logout from an authenticated account","mobile-safari","2026-09-29","skipped","2026-09-29","","register.spec.ts","",""
"","0","Login with registerData credentials","webkit","2026-09-29","skipped","2026-09-29","","login.spec.ts","",""
"","0","User can register, logout, and login with the same credentials","webkit","2026-09-29","skipped","2026-09-29","","register.spec.ts","",""
"","35651","User can register, logout, and login with the same credentials","chromium","2026-09-29","broken","2026-09-29","","register.spec.ts","",""
"","3822","User Registration","chromium","2026-09-29","failed","2026-09-29","","register.spec.ts","",""
"","29182","Logout from the registered account @smoke","chrome","2026-09-29","failed","2026-09-29","","logout.spec.ts","",""
"","1","User Login","firefox","2026-09-29","skipped","2026-09-29","Register then login","register.spec.ts","",""
"","1","Login with a newly registered account","webkit","2026-09-29","skipped","2026-09-29","","login.spec.ts","",""
"","0","Login with registerData credentials","firefox","2026-09-29","skipped","2026-09-29","","login.spec.ts","",""
"","0","User Registration","mobile-safari","2026-09-29","skipped","2026-09-29","Register then login","register.spec.ts","",""
"","0","Logout from an authenticated account","webkit","2026-09-29","skipped","2026-09-29","","register.spec.ts","",""
"","30350","Logout from the registered account","chrome","2026-09-29","broken","2026-09-29","","logout.spec.ts","",""
"","1","Login with registerData credentials","mobile-chrome","2026-09-29","skipped","2026-09-29","","login.spec.ts","",""
"","0","User Registration","webkit","2026-09-29","skipped","2026-09-29","Register then login","register.spec.ts","",""
"","0","Logout from an authenticated account","firefox","2026-09-29","skipped","2026-09-29","","logout.spec.ts","",""
"","22946","Login with registerData credentials","chromium","2026-09-29","failed","2026-09-29","","login.spec.ts","",""
"","31546","Login with the registered account","chrome","2026-09-29","broken","2026-09-29","","login.spec.ts","",""
"","35545","Logout from the registered account","logout","2026-09-29","broken","2026-09-29","","logout.spec.ts","",""
"","0","User can register, logout, and login with the same credentials","firefox","2026-09-29","skipped","2026-09-29","","register.spec.ts","",""
"","1","Login with registerData credentials","webkit","2026-09-29","skipped","2026-09-29","","register.spec.ts","",""
"","35090","Logout from an authenticated account","chromium","2026-09-29","broken","2026-09-29","","logout.spec.ts","",""
"","0","Register a new account","mobile-safari","2026-09-29","skipped","2026-09-29","","register.spec.ts","",""
"","0","Logout from an authenticated account","mobile-safari","2026-09-29","skipped","2026-09-29","","logout.spec.ts","",""
"","31054","Register a new account","chrome","2026-09-29","failed","2026-09-29","","register.spec.ts","",""
"","1","User Login","mobile-safari","2026-09-29","skipped","2026-09-29","Register then login","register.spec.ts","",""
"","2","User Registration","chromium","2026-09-29","skipped","2026-09-29","Register then login","register.spec.ts","",""
"","0","User Registration","firefox","2026-09-29","skipped","2026-09-29","Register then login","register.spec.ts","",""
"","1","User Login","chromium","2026-09-29","skipped","2026-09-29","Register then login","register.spec.ts","",""
"","10898","Logout from an authenticated account","chromium","2026-09-29","failed","2026-09-29","","register.spec.ts","",""
"","0","User Registration","mobile-chrome","2026-09-29","skipped","2026-09-29","Register then login","register.spec.ts","",""
"","1","Logout from an authenticated account","webkit","2026-09-29","skipped","2026-09-29","","logout.spec.ts","",""
"","30615","Login with registerData credentials","chromium","2026-09-29","broken","2026-09-29","","register.spec.ts","",""
"","30253","Register a new account","register-firefox","2026-09-29","broken","2026-09-29","","register.spec.ts","",""
"","30332","Login with a newly registered account","chromium","2026-09-29","broken","2026-09-29","","login.spec.ts","",""
"","0","Register a new account","firefox","2026-09-29","skipped","2026-09-29","","register.spec.ts","",""
"","0","Logout from an authenticated account","mobile-chrome","2026-09-29","skipped","2026-09-29","","logout.spec.ts","",""
"","0","Login with registerData credentials","firefox","2026-09-29","skipped","2026-09-29","","register.spec.ts","",""
"","0","Logout from an authenticated account","firefox","2026-09-29","skipped","2026-09-29","","register.spec.ts","",""
"","30384","Register a new account @smoke @regression","chrome","2026-09-29","broken","2026-09-29","","register.spec.ts","",""
"","0","User Login","webkit","2026-09-29","skipped","2026-09-29","Register then login","register.spec.ts","",""
"","0","User can register, logout, and login with the same credentials","mobile-chrome","2026-09-29","skipped","2026-09-29","","register.spec.ts","",""
"","0","Login with a newly registered account","mobile-safari","2026-09-29","skipped","2026-09-29","","login.spec.ts","",""
"","0","Login with a newly registered account","firefox","2026-09-29","skipped","2026-09-29","","login.spec.ts","",""
"","30213","Register a new account","chromium","2026-09-29","broken","2026-09-29","","register.spec.ts","",""
"","0","Register a new account","mobile-chrome","2026-09-29","skipped","2026-09-29","","register.spec.ts","",""
"","1","Login with a newly registered account","mobile-chrome","2026-09-29","skipped","2026-09-29","","login.spec.ts","",""
"","0","User can register, logout, and login with the same credentials","mobile-safari","2026-09-29","skipped","2026-09-29","","register.spec.ts","",""
